n,condition,n_queries,access_events,zipf_alpha,r_at_1,r_at_10,mrr,wall_per_query_ms,rss_peak_mb,seed
1000,cortex_full,200,1000,1.5,0.98,0.98,0.98,202.85784225976386,237.62704944610596,42
1000,cortex_flat,200,1000,1.5,0.995,1.0,0.9975,202.10449017540668,9.068526268005371,42
10000,cortex_full,200,1000,1.5,0.645,0.645,0.645,458.21535982460773,11.467116355895996,42
10000,cortex_flat,200,1000,1.5,1.0,1.0,1.0,460.60202770968317,11.462142944335938,42
100000,cortex_full,200,1000,1.5,0.62,0.625,0.6225,3043.0874977548956,45.904802322387695,42
100000,cortex_flat,200,1000,1.5,1.0,1.0,1.0,3076.73499519522,45.89955520629883,42
