lambda,mrr,r5,r10,elapsed_seconds
0.9,0.503,0.617,0.687,757.0
0.925,0.5,0.617,0.684,745.3
0.95,0.503,0.617,0.684,742.8
0.975,0.503,0.617,0.687,741.9
0.99,0.503,0.62,0.684,741.9
1.0,0.545,0.6659999999999999,0.7440000000000001,741.8
